order_id,status,amount,customer_name,customer_phone,customer_email
,open,176.6,,214-587-1921,tfreeberne0@issuu.com
2,rejected,2908.38,Garrik Golborn,803-931-1828,ggolborn1@wunderground.com
,open,3106.13,,372-106-5239,lhathway2@netlog.com
4,rejected,7153.4,Roze Phillp,220-232-3545,rphillp3@archive.org
5,open,7833.96,Sorcha Kubat,958-949-0650,skubat4@sogou.com
6,delivered,551.62,Clemence Mary,442-269-7668,cmary5@amazon.com
,open,824.28,,964-736-6358,jwaren6@businessweek.com
8,delivered,4650.26,Rochester Bortolini,201-682-0344,rbortolini7@time.com
9,open,7796.12,Lorraine Sabater,500-243-7948,lsabater8@prnewswire.com
10,rejected,4350.52,Sabina Podmore,147-946-1061,spodmore9@msn.com
11,open,914.83,Scottie Tammadge,499-665-0510,stammadgea@wix.com
12,rejected,5505.55,Matthiew Silcox,658-165-8632,msilcoxb@macromedia.com
13,open,6619.65,Lucita Fyldes,566-742-0024,lfyldesc@deliciousdays.com
14,delivered,3014.24,Deborah Filasov,733-762-2147,dfilasovd@redcross.org
15,open,1925.96,Shelley Shitliffe,543-964-7060,sshitliffee@deliciousdays.com
16,open,1828.29,Phylys Shanley,893-722-0201,pshanleyf@mysql.com
17,rejected,6734.95,Anica Grayling,704-289-2156,agraylingg@samsung.com
18,open,4696.86,Gale Petteford,288-706-0169,gpettefordh@globo.com
19,delivered,6391.3,Harri Leggan,125-475-6189,hleggani@usa.gov
20,delivered,7778.49,Gillie Tapply,242-975-0111,gtapplyj@goodreads.com
21,delivered,5685.06,Trina Belly,746-173-5886,tbellyk@com.com
22,delivered,2840.77,Mart Assiter,978-202-0232,massiterl@umn.edu
23,delivered,4710.89,Carmelita Nockles,680-649-7506,cnocklesm@apache.org
24,rejected,3662.29,Michele Devenny,913-499-1608,mdevennyn@accuweather.com
25,rejected,1848.05,Hedi Harrington,415-289-1542,hharringtono@yahoo.com
26,rejected,9503.55,Oran Sage,610-859-7837,osagep@go.com
,open,3318.75,,549-950-7316,kwinstonq@un.org
28,open,170.4,Orly Saggers,414-455-6076,osaggersr@adobe.com
29,rejected,8285.64,Dmitri Beavis,796-993-9688,dbeaviss@aol.com
30,rejected,7665.62,Cecile Boddymead,537-973-0325,cboddymeadt@comsenz.com
31,rejected,9869.65,Lorenzo Howkins,939-139-8699,lhowkinsu@ebay.com
32,delivered,2757.84,Steven McGreal,394-934-5204,smcgrealv@disqus.com
33,rejected,1815.09,Antin Alvarez,747-340-3842,aalvarezw@wikipedia.org
34,open,8622.22,Shane Gothup,604-572-3216,sgothupx@twitter.com
35,open,2659.02,Loralyn Ruddiforth,948-788-7325,lruddiforthy@pen.io
,rejected,4887.19,,650-592-4275,pbrienz@posterous.com
,delivered,9203.18,,550-551-7984,rdownes10@google.ru
38,rejected,3556.52,Melodee Fozard,793-674-3050,mfozard11@rediff.com
39,delivered,9671.48,Ivory Hague,746-474-4053,ihague12@google.es
,delivered,4903.1,,954-877-7196,ccaze13@reddit.com
,open,3935.52,,282-733-4739,sbrasted14@dagondesign.com
42,open,3944.67,Tybie Barz,524-265-6297,tbarz15@accuweather.com
43,rejected,6717.72,Flss McCarrison,991-364-8017,fmccarrison16@desdev.cn
44,rejected,9495.18,Barbey Cruddace,791-402-1813,bcruddace17@youtube.com
45,delivered,5092.78,Guthry Munson,225-710-3882,gmunson18@tripod.com
46,rejected,9868.12,Mallory Gunther,154-747-3652,mgunther19@over-blog.com
47,open,1111.71,Lee Symmers,996-906-7335,lsymmers1a@lycos.com
48,open,3823.95,Bel Harken,460-824-9270,bharken1b@blog.com
49,rejected,2240.04,Danya Sutherley,259-196-8323,dsutherley1c@wsj.com
50,open,2284.5,Wyatt Mundie,428-763-6786,wmundie1d@bigcartel.com
51,open,8838.02,Griz de Bullion,628-396-1405,gde1e@spiegel.de
52,open,7841.66,Ulysses Drivers,963-907-1072,udrivers1f@discuz.net
53,open,7082.02,Orin Ciccoloi,686-814-3677,ociccoloi1g@sina.com.cn
54,delivered,4018.67,Kevan Dakers,484-878-3647,kdakers1h@is.gd
,delivered,2720.5,,919-387-4390,blongland1i@baidu.com
56,delivered,5712.96,Erie Ghiron,585-154-4746,eghiron1j@bing.com
57,delivered,3243.29,Brendan Barnardo,378-585-4906,bbarnardo1k@wisc.edu
,open,3499.01,,926-642-3716,fbalcers1l@geocities.com
59,delivered,4905.67,Theresina Haylett,378-629-4229,thaylett1m@biglobe.ne.jp
60,rejected,3437.86,Ugo Douch,513-594-4435,udouch1n@unicef.org
61,delivered,3961.21,Clareta Crouse,715-205-9016,ccrouse1o@opera.com
62,delivered,1327.69,Chev Gemmell,426-159-7764,cgemmell1p@wired.com
,delivered,2198.05,,542-385-3045,cpalay1q@booking.com
64,delivered,8709.65,Zea Westbrook,614-830-4957,zwestbrook1r@virginia.edu
65,delivered,3762.26,Lyndsey Brittles,670-385-7532,lbrittles1s@hatena.ne.jp
,rejected,3471.07,,596-276-1668,nlocarno1t@elpais.com
67,rejected,2255.88,Nathalia Normand,194-780-1641,nnormand1u@pbs.org
68,rejected,9291.74,Gill Worcs,157-862-1552,gworcs1v@amazon.com
,rejected,4177.89,,430-774-8378,despinal1w@columbia.edu
70,rejected,3363.91,Vinni Jemmison,701-824-0652,vjemmison1x@utexas.edu
71,delivered,9609.74,Adelind Peele,894-479-6840,apeele1y@sina.com.cn
,rejected,9519.62,,598-842-2626,ashirer1z@xrea.com
,delivered,134.24,,778-565-0964,gmerrin20@un.org
74,delivered,705.29,Ashlan Blaxall,743-714-9010,ablaxall21@npr.org
75,open,2933.5,Dallon Cassedy,311-849-0162,dcassedy22@tinypic.com
76,rejected,1066.26,Verena Bucklee,534-514-0787,vbucklee23@smugmug.com
77,rejected,132.23,Halsey Gadesby,553-728-5120,hgadesby24@technorati.com
78,rejected,8385.92,Weber Mulloch,589-343-5434,wmulloch25@feedburner.com
79,open,6750.84,Sandor Idel,589-885-4986,sidel26@kickstarter.com
80,delivered,4297.65,Winna Belloch,587-252-9087,wbelloch27@quantcast.com
81,delivered,6940.03,Harald Gilligan,409-205-7978,hgilligan28@wunderground.com
82,open,3862.75,Vic Dudeney,408-208-4580,vdudeney29@shop-pro.jp
83,open,1403.97,Alicea Rollingson,399-706-0755,arollingson2a@fda.gov
84,rejected,7444.89,Hermia Connachan,534-202-6951,hconnachan2b@studiopress.com
,rejected,3935.38,,591-149-4865,mmollett2c@jalbum.net
86,delivered,6453.91,Kati Pasek,630-915-1268,kpasek2d@bloomberg.com
87,rejected,4826.71,Veronika Coper,913-407-8025,vcoper2e@patch.com
88,open,399.38,Paulie Burgen,597-195-9351,pburgen2f@boston.com
,open,6284.36,,456-815-7981,bkinane2g@wp.com
,open,6112.79,,224-563-2923,ubotterell2h@lycos.com
91,open,8683.55,Dominica Jennens,114-683-8383,djennens2i@nymag.com
92,open,6850.63,Lynna Espinel,574-676-7780,lespinel2j@yelp.com
93,delivered,8136.77,Barnebas Mattes,995-218-5679,bmattes2k@webmd.com
94,rejected,6388.69,Raynell Sarch,344-911-5350,rsarch2l@fotki.com
95,rejected,6990.01,Ellswerth Hryncewicz,624-190-9792,ehryncewicz2m@webmd.com
96,rejected,8251.93,Jayson Dobble,377-801-8367,jdobble2n@mac.com
97,rejected,3668.25,Annora Rops,937-562-3037,arops2o@opera.com
,open,2035.03,,787-881-4337,iclaiden2p@nba.com
99,delivered,2885.5,Doreen Medgwick,984-158-1906,dmedgwick2q@pcworld.com
100,open,6299.16,Holt Somerset,777-682-8389,hsomerset2r@fastcompany.com
101,rejected,2071.02,Lucila Bartell,162-338-2355,lbartell2s@gravatar.com
102,rejected,712.52,Rafe Peake,335-956-6142,rpeake2t@sina.com.cn
103,open,4456.18,Dorita Barnsdall,763-278-0939,dbarnsdall2u@myspace.com
104,rejected,8658.86,Mirabel Corryer,913-211-5589,mcorryer2v@soundcloud.com
105,delivered,4648.47,Coretta Shovel,822-129-3898,cshovel2w@ebay.com
106,delivered,8174.41,Vanya Prester,485-427-9147,vprester2x@google.com.br
,rejected,4042.08,,116-416-3586,mgarz2y@ca.gov
108,delivered,3709.98,Ardelis McCann,961-844-9232,amccann2z@wikipedia.org
109,rejected,5710.32,Viviana Massot,839-952-2880,vmassot30@businessinsider.com
110,delivered,6568.77,Udell Puttick,140-732-3860,uputtick31@yahoo.com
111,delivered,9665.47,Michelle Klain,985-853-0063,mklain32@imgur.com
112,delivered,4781.45,Freddie Astin,930-224-3754,fastin33@deviantart.com
113,delivered,4235.45,Mallorie Marchment,219-986-9179,mmarchment34@usa.gov
114,delivered,5354.24,Emelen Mucklo,197-611-1195,emucklo35@sakura.ne.jp
115,open,601.8,Barrie Martynikhin,738-959-5707,bmartynikhin36@bandcamp.com
,delivered,6760.51,,480-649-7974,bsemmence37@china.com.cn
117,delivered,7734.0,Hagen Malden,909-671-7299,hmalden38@imgur.com
118,open,7176.43,Erika Capper,841-762-2344,ecapper39@cbsnews.com
119,delivered,8182.13,Bearnard Dallaghan,393-963-4970,bdallaghan3a@hhs.gov
120,delivered,2216.64,Jessy Bridle,761-636-2043,jbridle3b@bigcartel.com
121,open,8515.17,Rod Romanelli,105-808-3984,rromanelli3c@techcrunch.com
122,delivered,357.06,Alexandrina Barca,808-578-0903,abarca3d@nifty.com
123,rejected,2046.75,Rosaleen Dunckley,615-151-8956,rdunckley3e@devhub.com
,rejected,464.64,,562-756-5423,ialbert3f@timesonline.co.uk
125,rejected,9518.43,Pete Espadero,773-112-0285,pespadero3g@google.it
126,rejected,3797.65,Sybilla Zanetello,540-569-4357,szanetello3h@dropbox.com
127,rejected,8911.76,Frankie Le Blanc,225-448-9809,fle3i@deviantart.com
128,rejected,6162.57,Colleen Stollenbecker,576-641-2620,cstollenbecker3j@xing.com
129,rejected,1364.03,Corinna Slemmonds,564-692-2197,cslemmonds3k@engadget.com
130,rejected,1739.94,Colman Plaice,272-435-3258,cplaice3l@a8.net
131,delivered,3404.16,Leshia Cutill,873-879-0064,lcutill3m@flavors.me
132,open,2919.91,Lovell Jarred,109-168-2357,ljarred3n@about.me
133,open,9361.77,Ethelbert Coyte,718-122-6073,ecoyte3o@goo.ne.jp
,open,2142.6,,894-986-3300,cmcduffy3p@netscape.com
,delivered,5348.13,,115-489-3248,mlamshead3q@disqus.com
136,open,9128.86,Cart Bearns,591-518-3869,cbearns3r@cnet.com
137,rejected,3631.94,Cammy Antonescu,500-391-3053,cantonescu3s@acquirethisname.com
,rejected,3666.17,,331-532-9900,aikin3t@xing.com
139,open,7711.32,Dov Czajkowski,752-809-9232,dczajkowski3u@angelfire.com
140,delivered,950.67,Nicola Garnham,246-383-0247,ngarnham3v@google.es
141,rejected,7983.97,Kerr Orme,476-562-2903,korme3w@t.co
142,delivered,5252.84,Trueman Davage,721-209-9246,tdavage3x@fc2.com
143,delivered,4412.22,Ransom Yusupov,860-218-2594,ryusupov3y@dagondesign.com
144,open,1578.65,Ilsa Ort,729-801-7483,iort3z@arstechnica.com
145,rejected,2545.73,Sammy Rudsdell,717-207-7679,srudsdell40@illinois.edu
146,delivered,7963.48,Noreen Bearman,148-541-3790,nbearman41@diigo.com
147,open,8927.93,Hersh Evison,308-689-4116,hevison42@dedecms.com
148,rejected,4060.23,Glen Muncey,851-189-4293,gmuncey43@msu.edu
149,rejected,5575.04,Korry Fender,859-214-9049,kfender44@flickr.com
150,rejected,4885.98,Adina Abrahamoff,645-161-4184,aabrahamoff45@yelp.com
151,delivered,3587.62,Alon Ramstead,323-710-8870,aramstead46@symantec.com
,delivered,8180.58,,105-735-6952,ycollet47@businessinsider.com
153,delivered,9327.05,Genovera Morrieson,824-775-5069,gmorrieson48@netlog.com
154,delivered,3744.18,Alexina Dallemore,580-131-0528,adallemore49@lycos.com
,open,6096.04,,928-177-8838,bwheatman4a@eventbrite.com
,rejected,2360.1,,394-510-9471,khandrahan4b@cafepress.com
157,open,8903.91,Mona Sokale,490-733-1984,msokale4c@spotify.com
158,delivered,9278.77,Vilhelmina Lages,330-313-9532,vlages4d@wikipedia.org
159,open,2976.72,Emmalyn Mussolini,580-844-5302,emussolini4e@disqus.com
160,open,8054.36,Elroy Paskin,466-748-1993,epaskin4f@360.cn
161,open,851.71,Myca Dillingham,146-696-2746,mdillingham4g@odnoklassniki.ru
162,rejected,981.51,Brennan Hindmoor,763-713-9404,bhindmoor4h@storify.com
163,delivered,6829.07,Bartholemy Eick,567-298-2141,beick4i@rakuten.co.jp
164,open,5540.18,Milka Izen,152-533-9383,mizen4j@miitbeian.gov.cn
165,rejected,6789.02,Jamal Klees,664-939-6379,jklees4k@wired.com
166,open,2113.12,Lisha Laurencot,858-148-5270,llaurencot4l@xrea.com
167,delivered,3011.77,Kaycee Hele,719-596-8516,khele4m@de.vu
,delivered,2578.88,,550-981-6271,jwaldock4n@springer.com
169,open,8279.29,Fannie Werner,841-774-1059,fwerner4o@bravesites.com
,rejected,1374.24,,404-812-9102,lcolcomb4p@google.co.jp
171,rejected,575.6,Alphonso Karpman,952-798-2127,akarpman4q@printfriendly.com
172,open,5793.66,Claiborne Linzey,738-755-2765,clinzey4r@webeden.co.uk
,delivered,7677.81,,766-217-3658,hailmer4s@google.ru
174,rejected,4305.67,Roberto Mount,777-239-9025,rmount4t@dell.com
,open,3136.66,,286-132-7200,sbarrasse4u@google.co.uk
176,rejected,2709.33,Ariel Currao,157-346-9951,acurrao4v@slashdot.org
,open,5265.54,,384-756-4530,asallan4w@histats.com
178,rejected,4607.71,Rog Masding,701-133-6199,rmasding4x@wikipedia.org
179,open,342.19,Guilbert Lambregts,189-729-7397,glambregts4y@usgs.gov
180,rejected,6785.54,Rem Kryszka,327-808-2822,rkryszka4z@sina.com.cn
181,open,1056.67,Niki Thurgood,538-902-3323,nthurgood50@theatlantic.com
182,open,4778.87,Annecorinne Bissatt,572-818-3845,abissatt51@typepad.com
183,open,5403.6,Connor Drewe,609-532-9582,cdrewe52@ocn.ne.jp
184,open,3434.24,Vivianne Clara,653-689-0838,vclara53@microsoft.com
185,delivered,3999.12,Augusta Keemar,622-267-5997,akeemar54@deliciousdays.com
186,rejected,5249.3,Nev Rafe,112-236-9955,nrafe55@slashdot.org
187,rejected,1897.27,Rickie Tuckley,851-221-5339,rtuckley56@booking.com
188,delivered,8224.39,Chicky Dawidowitz,986-400-6984,cdawidowitz57@arizona.edu
189,delivered,477.15,Aimee Eldritt,838-680-0269,aeldritt58@va.gov
,rejected,4870.84,,676-672-7167,gmottley59@meetup.com
191,open,9347.67,Frasier Demer,629-903-7931,fdemer5a@answers.com
192,delivered,7702.18,Mirella Floodgate,401-144-1325,mfloodgate5b@indiatimes.com
193,rejected,8052.14,Johan Bungey,952-888-3795,jbungey5c@discovery.com
194,rejected,9974.29,Inger Addams,822-813-6061,iaddams5d@google.com.hk
195,rejected,1038.03,Kennedy Kellaway,189-258-8189,kkellaway5e@delicious.com
196,open,552.66,Sebastian Hammerton,972-194-5235,shammerton5f@pen.io
197,open,6669.75,Hieronymus Worlock,455-304-5835,hworlock5g@wufoo.com
198,delivered,8649.51,Ezekiel Loughran,236-389-0959,eloughran5h@ucoz.com
199,open,2750.96,Rufe Axten,999-139-6105,raxten5i@ed.gov
200,rejected,4902.23,Tannie Merrgan,656-179-5647,tmerrgan5j@bluehost.com
201,open,1157.95,Artemas MacRanald,199-603-0897,amacranald5k@businessweek.com
202,delivered,3541.45,Dionis Losel,937-306-2447,dlosel5l@bizjournals.com
203,rejected,2790.46,Blythe Evins,392-922-1687,bevins5m@4shared.com
,open,1516.43,,465-911-0111,gskipper5n@ifeng.com
205,delivered,241.25,Willi Ashburne,858-756-2537,washburne5o@guardian.co.uk
206,open,7596.38,Lisha Willerstone,686-324-2955,lwillerstone5p@shop-pro.jp
207,rejected,7775.94,Christian Leonida,390-618-1698,cleonida5q@infoseek.co.jp
208,rejected,7452.32,Evangelia Carne,952-869-0710,ecarne5r@flickr.com
209,delivered,4719.62,Cortney Paulmann,118-274-6635,cpaulmann5s@csmonitor.com
210,delivered,1498.55,Torre Jay,469-989-1807,tjay5t@e-recht24.de
211,open,7727.47,Evania Houselee,339-792-2519,ehouselee5u@utexas.edu
212,delivered,7086.42,Hort Cornejo,164-652-0509,hcornejo5v@wordpress.org
213,delivered,399.89,Reggi Bullough,489-614-8377,rbullough5w@latimes.com
,delivered,4916.69,,714-302-7543,nvahl5x@nifty.com
215,delivered,1918.07,Land Snow,976-574-6021,lsnow5y@squarespace.com
216,delivered,3920.45,Ilka Freebury,253-494-3057,ifreebury5z@va.gov
217,open,7415.3,Reidar Belcher,485-545-5140,rbelcher60@wikimedia.org
218,open,6691.61,Casandra Voce,853-577-2106,cvoce61@ucoz.ru
219,rejected,6035.01,Brook Alexandersson,636-663-9010,balexandersson62@sun.com
220,rejected,5563.35,Germaine Jakoubec,843-355-5733,gjakoubec63@sohu.com
221,rejected,229.71,Emory Cowing,510-580-9716,ecowing64@berkeley.edu
222,rejected,4388.36,Honey Dadds,991-289-6892,hdadds65@bandcamp.com
,rejected,2769.52,,121-646-0393,hschulze66@unblog.fr
224,delivered,5274.56,Aubrie Scardifeild,480-901-6681,ascardifeild67@webmd.com
225,rejected,6798.73,Urban Goodacre,215-366-2482,ugoodacre68@answers.com
,open,7443.63,,388-433-2941,obutts69@gizmodo.com
227,open,3407.35,Caria Jansky,529-279-8205,cjansky6a@instagram.com
228,delivered,3255.68,Rosalia Fidele,407-211-5498,rfidele6b@usda.gov
229,delivered,8242.28,Milty Hilliam,426-141-9688,mhilliam6c@techcrunch.com
,rejected,3118.05,,174-277-5706,mkeast6d@oracle.com
231,delivered,2095.3,Blake Sellack,499-580-8696,bsellack6e@artisteer.com
232,open,3634.21,Evaleen Christophe,417-729-3131,echristophe6f@virginia.edu
233,rejected,5976.03,Ham Danbury,790-328-3691,hdanbury6g@vk.com
234,delivered,997.63,Sela Barrow,294-882-8480,sbarrow6h@cbsnews.com
,delivered,4203.46,,292-602-7353,krojahn6i@cnbc.com
236,open,2932.03,Lorain Yarnall,293-597-0189,lyarnall6j@goodreads.com
237,rejected,2625.1,Em Shillitoe,468-583-6529,eshillitoe6k@nhs.uk
,delivered,2546.22,,990-807-6379,klisett6l@vistaprint.com
239,delivered,4735.69,Gregor Kaplin,897-296-4307,gkaplin6m@cdc.gov
240,delivered,2600.8,Aurora Jonsson,358-539-3362,ajonsson6n@goo.gl
,rejected,4771.48,,272-702-4197,lbrosius6o@japanpost.jp
242,delivered,4476.76,Tammara Maulkin,972-359-7673,tmaulkin6p@craigslist.org
243,rejected,4050.8,Edie Roxburch,772-692-6598,eroxburch6q@yolasite.com
,open,4692.62,,765-649-2616,ehawkridge6r@flavors.me
245,rejected,1093.04,Thom McAnulty,592-957-8344,tmcanulty6s@shinystat.com
246,open,6794.01,Marcos Adshed,381-880-0618,madshed6t@utexas.edu
247,delivered,9706.16,Theo Duchant,467-508-3558,tduchant6u@smugmug.com
248,open,1282.68,Stesha Rudram,524-101-1630,srudram6v@flavors.me
249,rejected,5510.66,Ede Escoffrey,253-791-1027,eescoffrey6w@posterous.com
,delivered,3170.16,,580-792-1465,dargabrite6x@fema.gov
251,rejected,5244.32,Konstance Dingate,837-982-8249,kdingate6y@netscape.com
252,open,993.1,Astra Geroldini,148-714-6580,ageroldini6z@indiatimes.com
253,rejected,5852.7,Florentia Lusk,338-391-2057,flusk70@live.com
254,rejected,5239.19,Izzy Stockill,179-537-1147,istockill71@addthis.com
255,open,7474.51,Clementia Bryns,456-831-5924,cbryns72@pcworld.com
,open,1464.11,,861-443-6269,lmcmurty73@cnbc.com
257,open,7416.12,Ruperto Vaisey,490-652-5778,rvaisey74@google.co.jp
258,rejected,690.42,Larry Branson,582-648-3176,lbranson75@issuu.com
259,rejected,439.06,Lula Ronaghan,500-975-7983,lronaghan76@sciencedaily.com
260,rejected,8081.77,Laurette Varfolomeev,926-280-2978,lvarfolomeev77@gov.uk
261,open,9026.81,Nomi Dranfield,132-172-6344,ndranfield78@ifeng.com
262,open,7002.71,Jeanine Rennebach,231-609-0323,jrennebach79@1und1.de
263,open,8139.74,Ira Edgeson,936-998-9759,iedgeson7a@seattletimes.com
264,rejected,7815.55,Darice Vanstone,392-843-1746,dvanstone7b@telegraph.co.uk
265,open,8811.33,Janaye Wetheril,770-141-6851,jwetheril7c@goodreads.com
,rejected,7118.98,,897-194-5064,hharesign7d@indiegogo.com
267,open,2372.32,Cally Yanshinov,517-877-0692,cyanshinov7e@themeforest.net
,delivered,2491.02,,948-525-8277,ldikels7f@mtv.com
269,delivered,2296.55,Terrance Easom,716-881-5468,teasom7g@eventbrite.com
270,delivered,2941.28,Maison Rivalant,988-636-2399,mrivalant7h@cloudflare.com
271,rejected,7442.87,Dan Ogley,951-968-8758,dogley7i@dion.ne.jp
272,rejected,592.26,Anthe Currington,145-714-5838,acurrington7j@prlog.org
,rejected,8367.69,,776-715-1112,emattioni7k@ca.gov
274,open,7457.48,Wesley Tredgold,276-473-3145,wtredgold7l@is.gd
275,delivered,7638.73,Livy Sayce,696-135-1651,lsayce7m@youtube.com
276,delivered,9924.5,Borden Scarce,658-757-0663,bscarce7n@prlog.org
277,rejected,9885.94,Carley Yearns,964-627-6150,cyearns7o@java.com
278,open,3147.18,Brendon Ollcott,730-724-3852,bollcott7p@home.pl
,open,1382.08,,332-388-3817,osoutherns7q@soundcloud.com
280,delivered,3857.03,Tomas Rathmell,175-697-6330,trathmell7r@miitbeian.gov.cn
281,open,8675.87,Boony Stiller,341-229-4481,bstiller7s@unblog.fr
282,delivered,2355.65,Conney Thoma,464-262-6819,cthoma7t@homestead.com
283,rejected,3124.23,Filide Muller,682-155-8743,fmuller7u@nyu.edu
284,delivered,8355.99,Gaultiero Springtorp,804-888-3174,gspringtorp7v@amazon.com
285,rejected,9826.75,Noland Kynforth,273-536-7933,nkynforth7w@slideshare.net
,open,5916.32,,562-217-4719,acorkel7x@tumblr.com
,delivered,8563.66,,588-510-1891,dbenzie7y@tiny.cc
288,rejected,1726.52,Berti Veneur,486-599-6309,bveneur7z@washingtonpost.com
289,rejected,9822.18,Hugues Yerrell,759-170-7524,hyerrell80@xing.com
290,open,3133.56,Dickie Hedderly,533-622-9955,dhedderly81@goo.ne.jp
291,delivered,9518.2,Bea Bason,155-641-7678,bbason82@over-blog.com
292,rejected,3718.75,Luce Sare,721-560-0177,lsare83@hugedomains.com
293,rejected,8501.32,Bibby Kleinhaut,679-779-6797,bkleinhaut84@studiopress.com
294,open,9509.19,Larissa McDuall,605-268-1486,lmcduall85@sakura.ne.jp
295,rejected,5056.29,Harmonie Reckless,806-115-4913,hreckless86@netlog.com
,rejected,3657.75,,938-265-3907,djizhaki87@elpais.com
,delivered,7766.54,,778-858-4813,cschwandermann88@ted.com
,rejected,9550.8,,778-666-5996,gcockarill89@is.gd
299,rejected,6442.72,Brent Esel,182-601-3288,besel8a@netlog.com
,rejected,2684.84,,284-176-4541,jpunyer8b@nytimes.com
,delivered,3402.4,,286-471-7580,egorvin8c@theguardian.com
302,delivered,5198.67,Ninetta Thornley,720-936-2723,nthornley8d@reddit.com
303,open,5119.64,Lion Wagnerin,913-271-9677,lwagnerin8e@digg.com
,open,7168.65,,780-638-6057,slittell8f@shareasale.com
305,delivered,6126.76,Ariana Panketh,299-588-4966,apanketh8g@nature.com
306,rejected,5321.42,Opalina Lacotte,158-882-6304,olacotte8h@indiegogo.com
307,rejected,5564.61,Arron Willishire,378-583-4179,awillishire8i@e-recht24.de
,delivered,3548.38,,308-870-4938,jaudiss8j@nature.com
,delivered,4889.08,,862-905-4890,bportigall8k@smugmug.com
310,rejected,6319.71,Alene Alliberton,227-884-3724,aalliberton8l@delicious.com
311,open,4642.34,Meir Willcocks,353-134-2323,mwillcocks8m@themeforest.net
,open,2982.35,,676-806-4926,abrickner8n@e-recht24.de
313,rejected,9228.71,Blinnie Ringer,614-961-2526,bringer8o@digg.com
314,delivered,2902.62,Walliw Andras,168-364-1475,wandras8p@sfgate.com
315,delivered,2383.02,Megan Semiraz,434-864-1795,msemiraz8q@godaddy.com
,delivered,7160.08,,138-329-9483,mwakley8r@opera.com
317,rejected,305.79,Carley Guesford,971-298-6672,cguesford8s@furl.net
318,rejected,7863.0,Tonie Falconer-Taylor,391-865-8344,tfalconertaylor8t@nbcnews.com
319,rejected,6601.63,Teri Hellen,844-493-1802,thellen8u@sciencedirect.com
320,open,3954.45,Jany Sevin,798-563-0198,jsevin8v@icq.com
321,rejected,9360.17,Sissie Twine,638-709-7296,stwine8w@nyu.edu
,rejected,3836.89,,281-310-7256,swyles8x@infoseek.co.jp
323,rejected,6924.4,Harp Lakin,999-497-8905,hlakin8y@cnet.com
324,open,347.62,Thea Philbrook,903-374-3182,tphilbrook8z@nyu.edu
,delivered,3082.7,,611-786-3890,laskham90@tiny.cc
326,rejected,5785.57,Nickolas Zanioletti,993-438-8369,nzanioletti91@oracle.com
327,open,4567.87,Mercedes Phillcock,552-415-0619,mphillcock92@wunderground.com
328,delivered,9073.57,Joceline Lowden,308-807-4118,jlowden93@accuweather.com
329,delivered,3704.73,Arthur Gasticke,998-524-2716,agasticke94@tripod.com
330,delivered,4067.45,Justine Piatkowski,559-761-0947,jpiatkowski95@elegantthemes.com
,open,2287.28,,153-961-8509,voliveto96@elpais.com
332,delivered,1724.09,Niccolo Gormley,782-302-0354,ngormley97@people.com.cn
333,rejected,8818.53,Callida Longridge,557-403-3675,clongridge98@delicious.com
,rejected,3142.07,,982-432-0735,mweller99@smh.com.au
335,delivered,5982.88,Seline Seleway,778-878-4102,sseleway9a@patch.com
336,open,8758.04,Goldarina Kleinhandler,151-291-0514,gkleinhandler9b@acquirethisname.com
337,open,9931.57,Devon Blanche,567-951-7129,dblanche9c@amazon.de
338,rejected,2910.69,Maia Erangey,976-768-5795,merangey9d@mail.ru
339,rejected,3863.81,Berti Disney,756-665-4666,bdisney9e@tuttocitta.it
340,rejected,6216.0,Julina Robilart,372-230-8806,jrobilart9f@fema.gov
341,delivered,9852.6,Tobin Burfitt,300-761-4979,tburfitt9g@admin.ch
342,delivered,1358.72,Rori MacMickan,357-245-6801,rmacmickan9h@pcworld.com
343,delivered,9471.85,Duky Broomfield,244-877-3978,dbroomfield9i@acquirethisname.com
344,delivered,5974.19,Nat Janaway,827-550-2966,njanaway9j@netvibes.com
,open,225.33,,764-378-1755,calderwick9k@digg.com
346,delivered,2666.89,Cindra Petrus,416-909-0387,cpetrus9l@mayoclinic.com
347,rejected,3946.94,Robyn Ceccoli,590-973-4154,rceccoli9m@ocn.ne.jp
348,delivered,3773.82,Etti Fonquernie,412-903-5568,efonquernie9n@usa.gov
349,open,2501.21,Willie Atwool,582-792-8093,watwool9o@businesswire.com
350,open,2663.36,Erek Maylin,123-913-3787,emaylin9p@yandex.ru
351,rejected,149.22,Sherlocke Newens,614-978-0141,snewens9q@marriott.com
,rejected,7663.87,,982-651-7180,lquinsee9r@drupal.org
353,delivered,9772.99,Millicent Moodie,361-125-5178,mmoodie9s@mtv.com
354,delivered,7448.93,Kelcie Hawken,400-685-5194,khawken9t@51.la
355,delivered,7993.02,Odessa O'Bradain,395-140-3342,oobradain9u@nyu.edu
356,rejected,4634.01,Evin Mewton,686-691-2980,emewton9v@go.com
357,rejected,7370.6,Querida Bentje,650-670-4371,qbentje9w@sun.com
358,delivered,1199.13,Dilly Diehn,770-779-8769,ddiehn9x@flickr.com
359,open,3982.24,Sean Ciepluch,294-993-0556,sciepluch9y@deviantart.com
360,rejected,877.68,Meade Binford,402-841-1812,mbinford9z@cpanel.net
,rejected,4759.82,,650-359-8739,lcunliffea0@hc360.com
362,delivered,7401.76,Humphrey Edlin,787-336-0150,hedlina1@pen.io
363,delivered,7366.54,Eudora Treleven,238-679-9570,etrelevena2@latimes.com
,rejected,9899.76,,386-847-1411,abinnesa3@admin.ch
365,open,4817.15,Erina Jzak,284-344-2777,ejzaka4@moonfruit.com
366,rejected,1212.18,Valentia Prine,843-602-2687,vprinea5@51.la
,delivered,3791.09,,395-681-2738,nmachansa6@ucla.edu
,delivered,6815.31,,288-295-0518,fhubblea7@bing.com
369,open,3520.67,Arron De Gregoli,455-973-5497,adea8@va.gov
,delivered,7138.35,,483-247-6013,jstanggjertsena9@diigo.com
,delivered,1694.77,,350-569-6008,cmulheronaa@psu.edu
372,open,1746.21,Valida Roomes,957-715-1832,vroomesab@newyorker.com
373,delivered,3147.35,Yale Extall,839-412-5067,yextallac@google.ca
374,delivered,4184.38,Kass Todari,201-265-2940,ktodariad@weibo.com
,open,7588.06,,694-706-4090,mwoolacottae@forbes.com
,open,2403.12,,570-805-8356,abaverstockaf@youtube.com
377,delivered,5560.49,Alic Feechan,616-152-1808,afeechanag@usgs.gov
378,delivered,3379.25,Gweneth Dufoure,227-499-4656,gdufoureah@sohu.com
,open,3592.17,,968-706-1285,cmasdingai@printfriendly.com
380,rejected,7065.47,Ferrel Glendenning,864-935-6827,fglendenningaj@si.edu
381,open,2937.3,Brand Salzen,187-125-6073,bsalzenak@google.ru
382,delivered,7819.37,Wiley Baptist,458-474-9683,wbaptistal@cafepress.com
,rejected,7118.08,,561-301-8796,nskyneram@hp.com
384,rejected,7672.96,Malchy Gellion,730-797-1140,mgellionan@spotify.com
,delivered,1375.51,,656-171-4150,pgiacobelliao@yandex.ru
,rejected,6825.69,,851-597-0626,nacasterap@umn.edu
,delivered,6900.1,,455-701-4855,swestbyaq@mysql.com
388,open,6837.67,Luke Wiersma,412-422-6359,lwiersmaar@ovh.net
389,rejected,9715.73,Chase Jadczak,762-219-0532,cjadczakas@about.com
390,open,1124.27,Seamus Lengthorn,424-138-9660,slengthornat@csmonitor.com
391,delivered,3359.17,Goober Colnett,969-694-4939,gcolnettau@berkeley.edu
392,delivered,9854.26,Oralla Hew,126-627-3914,ohewav@sphinn.com
393,delivered,794.39,Kirsteni Brittin,870-675-4202,kbrittinaw@sciencedirect.com
,delivered,2860.73,,628-573-3793,goneileax@storify.com
,open,2089.58,,748-875-7744,hbarnsay@deliciousdays.com
396,rejected,1783.12,Shaw Shermore,959-100-2498,sshermoreaz@wix.com
,rejected,6925.45,,687-787-0526,tmontagueb0@4shared.com
398,rejected,108.46,Ezra Sommerling,770-371-0579,esommerlingb1@technorati.com
,rejected,6184.57,,685-737-8371,rvaneedenb2@163.com
400,rejected,151.44,Thomasina Ackers,898-682-0697,tackersb3@theatlantic.com
,open,1350.79,,900-802-9400,nshoemarkb4@ocn.ne.jp
,rejected,2150.56,,318-885-9210,abartlomiejb5@goo.ne.jp
403,open,1977.95,Modesta Osmant,577-351-8281,mosmantb6@privacy.gov.au
404,open,3241.94,Selie Craik,608-960-5531,scraikb7@homestead.com
405,rejected,9072.89,Fonz Stellino,775-828-9984,fstellinob8@auda.org.au
406,delivered,9004.34,Egon Beaty,590-252-4830,ebeatyb9@instagram.com
407,open,3654.01,Rolland Sodory,477-613-7314,rsodoryba@parallels.com
408,delivered,4534.51,Iolande Mattisson,424-550-0660,imattissonbb@4shared.com
409,open,7684.99,Tiffie Farran,789-958-9903,tfarranbc@hao123.com
,delivered,3140.76,,325-245-1452,pshepherdsonbd@sciencedaily.com
411,rejected,138.25,Cammy Yakobovicz,789-189-6234,cyakoboviczbe@canalblog.com
,delivered,5676.65,,194-407-4101,rargobf@ow.ly
413,open,2012.41,Thorndike Reboul,516-144-2716,treboulbg@gmpg.org
414,delivered,545.19,Erich Huckerby,777-722-0506,ehuckerbybh@parallels.com
,open,2667.18,,700-832-9674,atowbi@howstuffworks.com
416,rejected,5651.02,Josefina Bigg,420-882-6285,jbiggbj@stanford.edu
,rejected,7640.71,,709-461-6820,rshoweringbk@bloglovin.com
418,delivered,6268.73,Isabelle Took,631-308-2939,itookbl@imdb.com
419,open,2634.17,Mendie Akast,605-781-7083,makastbm@xing.com
420,open,2353.35,Saidee Challicombe,430-350-2186,schallicombebn@princeton.edu
421,open,2947.55,Alyce Firman,847-105-1702,afirmanbo@google.pl
422,rejected,5691.52,Lauri Lulham,849-375-0972,llulhambp@sitemeter.com
423,delivered,2060.04,Erl Bunt,635-253-6093,ebuntbq@cdc.gov
424,delivered,9464.09,Alair Petran,378-567-0630,apetranbr@php.net
425,rejected,9435.76,Cello Rosenstein,300-800-8749,crosensteinbs@nps.gov
426,rejected,4506.77,Worthy Aime,333-898-4541,waimebt@wordpress.com
427,open,4896.62,Sancho Seligson,160-718-7637,sseligsonbu@hubpages.com
,delivered,3567.56,,410-305-6103,sdomelawbv@npr.org
429,delivered,9367.29,Eloisa Waddams,464-463-1904,ewaddamsbw@artisteer.com
430,delivered,5896.48,Isabel Doonican,608-157-3519,idoonicanbx@squarespace.com
431,open,2158.79,Fairlie Crux,890-142-2034,fcruxby@china.com.cn
432,rejected,3469.17,Leland Bartrop,675-853-7072,lbartropbz@abc.net.au
433,rejected,8804.83,Myca Annott,768-704-2028,mannottc0@jimdo.com
434,delivered,3045.03,Gui Sivills,383-819-2744,gsivillsc1@over-blog.com
435,delivered,6729.57,Lib Courteney,916-479-3812,lcourteneyc2@is.gd
,open,7905.36,,329-260-5719,edorowc3@hostgator.com
437,delivered,3234.0,Jessey Tape,228-217-4017,jtapec4@privacy.gov.au
438,delivered,5060.91,Maddie Sackes,737-171-5598,msackesc5@over-blog.com
439,open,4313.15,Car Yakushkin,498-405-4301,cyakushkinc6@google.com.hk
440,open,6301.57,Kally Fahey,228-647-3173,kfaheyc7@nature.com
441,open,9121.92,Mord Sutty,517-554-2270,msuttyc8@ocn.ne.jp
442,delivered,4111.02,Faith Sperwell,242-461-7818,fsperwellc9@yandex.ru
443,rejected,3765.19,Dorian Boyde,869-614-8200,dboydeca@mapquest.com
,open,260.25,,168-471-1800,mraltoncb@xrea.com
445,delivered,8002.48,Ginger Fiddeman,371-429-9872,gfiddemancc@icq.com
446,delivered,4128.09,Robbin Ducker,541-341-1890,rduckercd@studiopress.com
447,open,4541.41,Cathy Courtin,390-454-8887,ccourtince@hugedomains.com
448,open,6549.33,Eldridge Bartoloma,576-243-3527,ebartolomacf@harvard.edu
449,rejected,9363.97,Jennica Mohammed,569-434-4998,jmohammedcg@ebay.com
450,open,1769.55,Dionne Swindles,780-421-6092,dswindlesch@elegantthemes.com
451,rejected,4609.18,Davina Cordel,940-424-5328,dcordelci@cloudflare.com
,open,9250.41,,580-316-0602,gviverscj@odnoklassniki.ru
453,delivered,9411.98,Rosalia Offner,267-104-1495,roffnerck@telegraph.co.uk
454,open,6726.3,Alysa Harnott,873-176-1172,aharnottcl@fotki.com
,rejected,9716.15,,116-703-0452,jcharrettecm@1und1.de
456,open,3817.21,Allis Bridgman,742-913-6433,abridgmancn@ft.com
457,rejected,2379.01,Ashlan Witson,612-367-4679,awitsonco@hibu.com
458,open,3650.37,Garret Tomenson,635-959-9716,gtomensoncp@blogger.com
459,rejected,6410.98,Creigh Poor,580-586-9652,cpoorcq@chicagotribune.com
460,delivered,1994.23,Rey Bliven,232-924-0238,rblivencr@cdbaby.com
461,open,7744.93,Caesar Doles,214-145-5302,cdolescs@mapy.cz
462,open,7065.43,Cherlyn Knighton,380-846-2245,cknightonct@parallels.com
463,delivered,6128.31,Hakeem Vakhrushev,614-306-6096,hvakhrushevcu@wikispaces.com
464,rejected,7982.45,Wallache Hammarberg,596-710-0312,whammarbergcv@infoseek.co.jp
465,open,8341.41,Eli Rubenchik,276-366-6130,erubenchikcw@deliciousdays.com
466,delivered,2960.77,Celina Wandtke,243-965-8888,cwandtkecx@fda.gov
467,open,2046.9,Hersh Ickovic,458-725-6116,hickoviccy@icq.com
468,open,9372.59,Olga Foggo,327-981-7237,ofoggocz@fema.gov
,open,4901.94,,131-604-1966,wtestd0@networksolutions.com
470,rejected,7199.39,Omero Burgoin,128-145-8346,oburgoind1@nyu.edu
471,delivered,5969.74,Moshe Palfrey,196-109-7894,mpalfreyd2@theglobeandmail.com
,rejected,5654.48,,871-859-2070,nvanarsdalld3@nytimes.com
473,rejected,470.1,Cris Hurdle,314-116-1514,churdled4@friendfeed.com
474,delivered,8664.81,Erma Peyzer,469-195-6696,epeyzerd5@barnesandnoble.com
475,delivered,5729.58,Laverna Sawley,626-697-5169,lsawleyd6@qq.com
476,delivered,6290.9,Randell Rodda,808-401-5205,rroddad7@skype.com
477,rejected,5537.29,Jaquelin Barus,512-197-1005,jbarusd8@last.fm
478,delivered,434.87,Petronella Jarratt,137-838-0960,pjarrattd9@is.gd
479,open,288.8,Brendon Cruickshanks,481-712-7078,bcruickshanksda@addtoany.com
480,open,9582.39,Zahara Easson,688-929-0955,zeassondb@cnn.com
481,open,3404.14,Hildegarde Pettiward,198-395-8329,hpettiwarddc@drupal.org
,open,8660.7,,191-256-4789,bdeblasidd@mozilla.com
483,delivered,1695.85,Teodorico Quemby,488-703-2944,tquembyde@nifty.com
484,delivered,985.96,Matias Newsome,705-263-9998,mnewsomedf@yale.edu
485,rejected,7802.64,Mildred Quartley,263-914-8481,mquartleydg@hugedomains.com
486,open,5806.63,Vachel Rudinger,742-193-7304,vrudingerdh@mac.com
,open,7478.45,,125-228-2124,rschwandermanndi@paginegialle.it
488,delivered,6933.26,Warner Barfoot,792-120-3878,wbarfootdj@princeton.edu
,delivered,6681.06,,686-454-7443,mrossantdk@opera.com
490,delivered,9671.75,Ethe Qusklay,988-510-7823,equsklaydl@goo.ne.jp
491,delivered,9179.99,Dougy Rosnau,309-156-5505,drosnaudm@squarespace.com
,open,3081.92,,193-207-9135,egoodfellowedn@hhs.gov
493,open,3848.35,Phylys Maharg,700-353-9952,pmahargdo@storify.com
494,rejected,7370.73,Florence Gate,829-300-4215,fgatedp@chronoengine.com
495,delivered,2895.01,Nappie Torrejon,818-664-9704,ntorrejondq@blogger.com
496,rejected,1940.91,Alyda Farenden,240-593-0382,afarendendr@indiatimes.com
497,rejected,5640.11,Lindsy Titterington,696-261-5355,ltitteringtonds@alexa.com
498,open,5808.85,Hastie O'Murtagh,762-218-6604,homurtaghdt@newyorker.com
499,open,6896.09,Georgina Fillary,371-980-4258,gfillarydu@livejournal.com
500,delivered,6027.89,Saraann Tite,408-193-4609,stitedv@dmoz.org
,delivered,1812.67,,260-175-4224,bpiscopiellodw@miibeian.gov.cn
502,open,4628.78,Fianna Brunke,416-944-9897,fbrunkedx@yelp.com
503,rejected,4644.44,Morie Blayney,111-426-9263,mblayneydy@time.com
504,rejected,4685.9,Kenneth Nardi,829-852-2005,knardidz@amazon.de
505,rejected,9793.1,Merrill Dalrymple,776-861-8449,mdalrymplee0@amazon.com
506,delivered,5192.41,Foss Larrett,845-417-5202,flarrette1@linkedin.com
,delivered,4497.93,,768-160-4952,ksarrelle2@senate.gov
508,rejected,3292.56,Sigismond Lemarie,814-173-2085,slemariee3@independent.co.uk
,open,3920.73,,330-916-9694,tmenichinie4@multiply.com
510,delivered,5325.98,Greggory Blasgen,950-716-9089,gblasgene5@issuu.com
511,rejected,8806.79,Tally Floodgate,186-364-5849,tfloodgatee6@live.com
512,delivered,3434.97,Sam Keyte,909-202-4840,skeytee7@google.co.jp
513,rejected,2196.04,Skip Danneil,389-811-2892,sdanneile8@privacy.gov.au
514,rejected,4171.44,Hazel Prosser,426-411-9286,hprossere9@issuu.com
515,delivered,5796.32,Tabby Ruoss,225-730-2534,truossea@csmonitor.com
,rejected,1686.8,,388-801-4134,sforemaneb@utexas.edu
517,delivered,3624.09,Vivian Le Marchant,928-337-7036,vleec@wunderground.com
,open,8413.94,,215-182-4038,ssorensened@artisteer.com
,rejected,1801.34,,505-778-8605,tclydeee@nifty.com
520,delivered,9686.5,Tessi Jealous,187-942-1154,tjealousef@cisco.com
521,open,5823.88,Geordie Cobleigh,626-453-3587,gcobleigheg@ebay.co.uk
522,delivered,6523.53,Deonne Reynault,792-529-0125,dreynaulteh@amazonaws.com
,rejected,3052.02,,826-795-8446,cpikettei@whitehouse.gov
,rejected,6343.6,,320-823-7668,mgiuroniej@google.com.au
525,delivered,6617.5,Carlin Lambin,145-722-3572,clambinek@cocolog-nifty.com
526,rejected,8418.09,Monte Cleeton,397-947-2324,mcleetonel@usnews.com
527,open,5995.9,Harmonia Shackesby,298-471-8576,hshackesbyem@blinklist.com
528,delivered,3691.75,Filbert Vidineev,785-788-8877,fvidineeven@blog.com
529,rejected,4018.57,Norene Duinbleton,302-785-6650,nduinbletoneo@usgs.gov
530,delivered,5184.88,Micaela Padfield,837-687-6018,mpadfieldep@mozilla.com
,delivered,9863.56,,398-951-8859,fbowllereq@google.nl
532,delivered,3605.59,Chickie Ghio,148-448-7792,cghioer@bbb.org
533,rejected,2853.58,Kaile Cansdill,394-610-1706,kcansdilles@wordpress.com
,delivered,4966.26,,316-844-1271,ephilpinet@columbia.edu
535,rejected,4857.82,Cosme Storm,901-958-4588,cstormeu@meetup.com
536,delivered,7144.87,Leshia Snepp,574-468-7903,lsneppev@google.de
,delivered,7872.94,,295-751-1483,rpinchbeckew@amazon.co.uk
538,rejected,8588.3,Marsh Balogh,322-252-6287,mbaloghex@opensource.org
539,delivered,2178.16,Rowan Mulkerrins,138-970-7126,rmulkerrinsey@t-online.de
540,delivered,6841.62,Philippa Lasham,342-276-2390,plashamez@go.com
541,rejected,8896.48,Koren Momford,734-267-8928,kmomfordf0@bravesites.com
542,rejected,8990.08,Babara Rubin,415-831-8724,brubinf1@harvard.edu
543,rejected,4773.68,Justis Dominec,672-435-3966,jdominecf2@list-manage.com
,open,6820.68,,723-608-1386,tdustf3@parallels.com
,delivered,5414.53,,357-884-6096,mhumanf4@yellowbook.com
,delivered,1628.66,,568-921-3214,acraydenf5@storify.com
,delivered,1722.39,,294-864-7366,elogief6@dedecms.com
548,open,165.47,Price Lemanu,610-223-4773,plemanuf7@i2i.jp
549,rejected,4861.07,Nelle Tabary,472-558-3695,ntabaryf8@si.edu
550,open,1434.44,Kaile Medgwick,687-365-1641,kmedgwickf9@meetup.com
551,open,1221.81,Dianna Whaymand,398-796-0317,dwhaymandfa@blinklist.com
552,open,1037.25,Nollie Brisard,140-206-0436,nbrisardfb@artisteer.com
553,rejected,2227.76,Aimil Posvner,145-834-6839,aposvnerfc@chron.com
,rejected,1453.46,,685-142-9467,hkralefd@auda.org.au
555,open,4429.0,Jourdain Barrim,530-844-9563,jbarrimfe@twitpic.com
556,delivered,1067.65,Franky Dudenie,383-550-9239,fdudenieff@paginegialle.it
557,open,6573.38,Amelina Collick,790-653-9937,acollickfg@ftc.gov
558,delivered,711.46,Aguste Shackle,891-227-6121,ashacklefh@a8.net
559,open,758.67,Sibylle Le Noire,307-523-0745,slefi@engadget.com
560,open,1315.58,Cobbie Deyes,151-623-1563,cdeyesfj@apache.org
561,open,5011.4,Tobi Arsey,766-879-9665,tarseyfk@amazon.co.uk
562,open,9179.79,Francklyn Nottingham,730-474-6075,fnottinghamfl@amazon.com
563,delivered,368.0,Teodor McConnal,225-329-2309,tmcconnalfm@blogtalkradio.com
564,delivered,9485.79,Martainn Cullagh,623-415-1330,mcullaghfn@arstechnica.com
565,delivered,3775.58,Jami Dunan,874-922-4251,jdunanfo@bbc.co.uk
566,open,5979.78,Dion Griffithe,923-939-6391,dgriffithefp@jalbum.net
,delivered,6317.55,,953-867-9965,ogrethamfq@a8.net
568,open,7607.94,Constancia Mottini,585-138-4260,cmottinifr@digg.com
569,rejected,882.34,Lona Geke,941-813-0451,lgekefs@scientificamerican.com
,delivered,6374.56,,227-594-3875,ljohnysft@blogtalkradio.com
571,delivered,2894.45,Ingunna Dunkerly,259-150-5660,idunkerlyfu@amazon.co.jp
572,delivered,9507.77,Sharai Blackeby,277-756-8174,sblackebyfv@xinhuanet.com
573,rejected,5793.69,Nat Kissell,846-984-6834,nkissellfw@mtv.com
574,open,9256.12,Heinrick Richen,571-438-2899,hrichenfx@indiatimes.com
575,rejected,1760.58,Aurthur Summersett,382-620-0885,asummersettfy@ca.gov
,rejected,4542.54,,588-190-8591,nkearleyfz@hao123.com
577,open,9158.78,Dewitt Cuddehy,505-842-9468,dcuddehyg0@nsw.gov.au
,rejected,7084.06,,395-592-9427,bscoleg1@un.org
,delivered,6333.14,,199-149-6524,ppoppletong2@usnews.com
580,delivered,5516.68,Killie MacMurray,414-232-5916,kmacmurrayg3@kickstarter.com
,delivered,7303.12,,265-452-5651,fdufallg4@independent.co.uk
582,delivered,7785.46,Alan Tschirasche,555-191-3019,atschirascheg5@over-blog.com
583,open,3968.3,Arlene Benoy,938-866-4977,abenoyg6@eepurl.com
,delivered,7654.73,,886-306-1940,smechellg7@nasa.gov
,open,6861.73,,538-878-9886,cczajkag8@nydailynews.com
586,rejected,9547.84,Brunhilde Paxforde,772-965-5234,bpaxfordeg9@hp.com
,rejected,7942.36,,348-297-2075,emcginleyga@list-manage.com
588,open,3969.43,Christophe Ballchin,933-525-8637,cballchingb@icio.us
589,open,604.66,Mohandis Baise,706-697-8349,mbaisegc@mysql.com
,rejected,5545.87,,676-352-0544,cchateletgd@comcast.net
591,delivered,2319.72,Niall Masson,707-883-2387,nmassonge@google.ru
592,delivered,8093.11,Gal Killner,854-972-2642,gkillnergf@bloomberg.com
,open,444.41,,664-508-2524,wbrandrickgg@tmall.com
594,delivered,9468.4,Lindy Warham,810-457-9032,lwarhamgh@webmd.com
595,delivered,9772.75,Holly Godbald,233-660-9406,hgodbaldgi@ucsd.edu
596,rejected,2939.48,Cale De Dei,165-885-2675,cdegj@livejournal.com
597,rejected,1474.54,Manya McElane,245-749-9504,mmcelanegk@sina.com.cn
598,rejected,1219.25,Claudine Barnwill,912-685-6182,cbarnwillgl@csmonitor.com
,delivered,1513.24,,945-366-9983,lbrittogm@about.com
600,open,7933.0,Jeane Cheeseman,160-387-8683,jcheesemangn@desdev.cn
601,rejected,526.91,Rhianna Vere,185-903-6727,rverego@eventbrite.com
602,rejected,9961.56,Anetta Marcham,857-466-6153,amarchamgp@paypal.com
603,rejected,8313.23,Joye Quickfall,644-594-9897,jquickfallgq@example.com
,open,6731.89,,118-574-0562,sfoddengr@posterous.com
605,rejected,7788.28,Gusella Haughton,983-269-5711,ghaughtongs@wsj.com
,open,4213.78,,555-231-6170,mfreegt@flavors.me
607,rejected,2132.52,Arron Guymer,960-792-6245,aguymergu@cargocollective.com
608,rejected,6778.03,Brigit Durgan,134-244-2795,bdurgangv@nba.com
609,rejected,1769.8,Rana Purtell,230-763-6596,rpurtellgw@mozilla.org
610,open,8764.11,Killy Mewton,804-222-9334,kmewtongx@discuz.net
611,rejected,6833.44,Hadlee Beeze,581-976-2448,hbeezegy@google.co.jp
,open,7844.49,,285-842-8008,dyitzhokgz@usa.gov
613,delivered,7334.06,Sammy Skillitt,795-650-6263,sskillitth0@netvibes.com
614,rejected,2751.16,Ethelda Busk,488-469-5355,ebuskh1@archive.org
615,delivered,619.51,Madlen Carlile,251-149-5986,mcarlileh2@weebly.com
616,open,7846.03,Cedric Ellesworthe,732-708-7143,celleswortheh3@businessweek.com
617,open,6361.42,Zaneta Stebbing,846-961-6948,zstebbingh4@slate.com
618,delivered,2336.77,Felice Tarquinio,558-360-8734,ftarquinioh5@dell.com
619,rejected,2172.47,Leila Antoshin,849-954-7034,lantoshinh6@symantec.com
620,rejected,6256.5,Dorotea Buller,512-937-0272,dbullerh7@freewebs.com
621,delivered,5321.7,Pearla McCuaig,427-585-5100,pmccuaigh8@mail.ru
,rejected,6600.25,,456-776-8725,kdyosh9@youku.com
623,open,9574.9,Haskell Dillamore,898-913-6399,hdillamoreha@zdnet.com
624,rejected,8994.05,Addy Kopp,395-217-0678,akopphb@apache.org
625,rejected,8220.32,Percival Friberg,830-516-6903,pfriberghc@plala.or.jp
626,rejected,3234.6,Udale Harkes,855-517-7553,uharkeshd@answers.com
627,delivered,8623.46,Paule Gouldstraw,544-948-7083,pgouldstrawhe@dropbox.com
628,rejected,6021.06,Colette Lancley,422-683-6451,clancleyhf@ted.com
629,rejected,5987.71,Louis Barthot,234-816-3316,lbarthothg@cbc.ca
630,rejected,3960.81,Hayyim Guiden,825-166-0345,hguidenhh@slashdot.org
631,rejected,588.89,Eben Wicks,234-544-4192,ewickshi@irs.gov
632,delivered,813.97,Jaclyn Gylle,910-431-9580,jgyllehj@wsj.com
633,rejected,770.56,Byrann Bredee,626-330-2564,bbredeehk@slashdot.org
634,rejected,1162.1,Massimiliano Wedderburn,817-469-7443,mwedderburnhl@tumblr.com
635,open,7569.31,Candra Kingswold,585-643-4852,ckingswoldhm@ft.com
636,rejected,5670.08,Rutherford Bastard,473-620-2971,rbastardhn@uiuc.edu
637,rejected,8352.87,Robbie Clemmow,615-552-1112,rclemmowho@biglobe.ne.jp
638,open,4909.01,Addie Boraston,796-303-3602,aborastonhp@slashdot.org
639,open,3925.59,Marv Buy,305-289-3138,mbuyhq@smugmug.com
640,rejected,2476.42,Bartolemo Slowey,319-978-2435,bsloweyhr@washington.edu
,rejected,3376.9,,438-366-0438,twildhs@kickstarter.com
,delivered,6525.14,,275-598-5042,csidnallht@pinterest.com
,open,6809.05,,857-914-7920,mnowakhu@addthis.com
644,delivered,7225.96,Dyane Itzkovwich,507-795-5489,ditzkovwichhv@ed.gov
645,open,8966.64,Tobey Caldero,236-906-6985,tcalderohw@nps.gov
646,open,9515.83,Gauthier Albinson,269-487-4071,galbinsonhx@illinois.edu
647,delivered,9732.67,Maryann Gaw,275-568-7486,mgawhy@macromedia.com
,rejected,958.51,,424-611-5321,ssurgenerhz@eventbrite.com
,open,4123.66,,398-951-3036,scastelyni0@webnode.com
650,delivered,9471.84,Marika Nucci,506-582-5438,mnuccii1@hugedomains.com
651,open,7916.91,Imogene Lantoph,245-306-7120,ilantophi2@deviantart.com
652,delivered,5903.21,Roddie Smylie,823-247-5343,rsmyliei3@is.gd
653,open,1835.47,Nettie Saffen,103-540-1031,nsaffeni4@craigslist.org
654,open,6532.47,Korry Betteriss,714-562-7642,kbetterissi5@blogspot.com
655,delivered,8637.24,Rosalind Holah,549-161-8024,rholahi6@mapy.cz
656,open,4321.52,Valaree Andrys,341-937-6590,vandrysi7@dagondesign.com
657,rejected,8578.79,Farrel Macci,815-345-8425,fmaccii8@jigsy.com
658,open,1510.16,Cobbie Krzysztofiak,783-286-1162,ckrzysztofiaki9@last.fm
659,delivered,9635.16,Darrick Mosco,969-442-8253,dmoscoia@gravatar.com
660,open,3128.91,Joyan Ovell,540-447-4420,jovellib@yellowpages.com
661,rejected,9475.34,Whittaker Ilyushkin,331-863-3209,wilyushkinic@pen.io
662,rejected,6256.95,Carmelle Jorissen,190-423-0070,cjorissenid@zdnet.com
663,rejected,2156.05,Stafani Breheny,852-615-6041,sbrehenyie@jimdo.com
664,delivered,9451.06,Latashia Adrianello,228-894-5634,ladrianelloif@tmall.com
665,rejected,9354.97,Lane Vannucci,628-131-8955,lvannucciig@cnbc.com
,rejected,9490.92,,146-384-0568,lcarreckih@goo.gl
,rejected,103.97,,431-680-3986,corwellii@mapquest.com
668,delivered,5904.16,Mahmoud Dudson,959-307-4990,mdudsonij@ameblo.jp
669,delivered,1770.96,Carline Parsisson,381-696-0849,cparsissonik@walmart.com
,delivered,7634.32,,478-749-7415,jhuglinil@weebly.com
671,delivered,2743.05,Ringo Diem,669-514-9981,rdiemim@princeton.edu
672,rejected,2808.47,Noby Danelet,100-900-3507,ndaneletin@msn.com
673,rejected,2331.41,Ethelin Temple,603-855-7344,etempleio@prlog.org
,open,8784.7,,250-342-0312,ablondenip@naver.com
675,rejected,9015.6,Thorvald Sedgemore,798-464-2684,tsedgemoreiq@hud.gov
,rejected,3276.53,,318-428-5664,zgiraultir@nytimes.com
677,delivered,2906.84,Jacynth Baynton,101-719-9621,jbayntonis@berkeley.edu
678,delivered,9859.06,Michale Fewster,751-678-2264,mfewsterit@bbc.co.uk
679,open,9804.04,Carlyn Haslehurst,932-651-4854,chaslehurstiu@rambler.ru
680,open,4069.42,Whittaker O'Doireidh,291-236-6179,wodoireidhiv@umn.edu
681,delivered,2174.29,Shaun Feria,793-987-0365,sferiaiw@irs.gov
,rejected,3421.26,,643-872-8313,stydemanix@japanpost.jp
683,open,3585.53,Loralyn Gillivrie,707-666-2880,lgillivrieiy@mlb.com
684,rejected,1177.96,Moshe Nertney,438-961-9103,mnertneyiz@thetimes.co.uk
685,open,6707.82,Heriberto Doreward,257-846-5247,hdorewardj0@hibu.com
686,delivered,9976.37,Goran Crucetti,398-507-0374,gcrucettij1@domainmarket.com
687,open,5925.24,Maximilian Jouanot,270-389-0763,mjouanotj2@constantcontact.com
688,open,2827.49,Terri-jo Ridgwell,195-686-4340,tridgwellj3@networkadvertising.org
689,delivered,5574.1,Amalie Poker,772-832-7949,apokerj4@purevolume.com
690,open,7881.93,Donalt Royston,516-173-1013,droystonj5@ebay.co.uk
691,delivered,5929.45,Ewen Lechelle,239-868-1425,elechellej6@networksolutions.com
,open,3555.25,,936-195-2429,cwiggj7@mashable.com
693,open,7612.82,Ansley Shellum,109-764-3010,ashellumj8@mail.ru
694,rejected,7735.46,Moira Poxon,109-823-7961,mpoxonj9@bizjournals.com
695,rejected,2013.95,Ketti Cartledge,428-718-0666,kcartledgeja@naver.com
696,rejected,1536.35,Aurthur Jozwiak,775-314-9571,ajozwiakjb@twitter.com
,delivered,1019.52,,189-510-9179,mburdikinjc@dropbox.com
698,open,756.84,Jewel Shilling,759-993-2451,jshillingjd@domainmarket.com
699,open,9184.63,Ramsey Petrasso,182-362-7731,rpetrassoje@cdc.gov
,rejected,5309.9,,690-804-4050,toxtebyjf@arstechnica.com
701,delivered,5821.95,Gianina Simonitto,475-308-6887,gsimonittojg@ehow.com
702,open,1643.02,Hebert Oles,449-829-7839,holesjh@accuweather.com
703,delivered,3683.25,Eduardo Govier,704-976-6975,egovierji@pen.io
704,delivered,3586.52,Arni Anfossi,729-105-3983,aanfossijj@angelfire.com
705,open,7797.63,Iosep Rootes,329-707-4963,irootesjk@skyrock.com
706,open,2173.76,Tonye Lardner,442-470-9083,tlardnerjl@nytimes.com
,delivered,6453.6,,358-916-5125,dinsleyjm@seesaa.net
708,delivered,2831.92,Bonnie Skinner,226-173-1614,bskinnerjn@wikia.com
709,delivered,8747.32,Russ Grimmer,582-107-2872,rgrimmerjo@rakuten.co.jp
710,delivered,4143.4,Gottfried McClifferty,927-510-2847,gmccliffertyjp@ucsd.edu
711,open,9929.52,Inger Bocking,629-279-4647,ibockingjq@marketwatch.com
712,rejected,4446.5,Aymer Witherow,925-134-7989,awitherowjr@amazonaws.com
713,rejected,2323.79,Marya Aveling,101-839-7868,mavelingjs@yellowpages.com
714,delivered,9630.0,Bertha Clementucci,507-892-5845,bclementuccijt@xing.com
715,delivered,1745.98,Nanon Simek,344-750-7006,nsimekju@disqus.com
716,open,8614.58,Fancie Hulburd,937-588-5632,fhulburdjv@ask.com
,open,3695.49,,237-651-3676,gskewesjw@chronoengine.com
718,open,3433.93,Catina Tupman,764-678-7733,ctupmanjx@slashdot.org
719,delivered,5802.97,Nanine Machent,522-866-7974,nmachentjy@wiley.com
720,open,8406.97,Harlen Hodgon,893-780-7694,hhodgonjz@dion.ne.jp
,delivered,7369.59,,174-616-1528,gdurnallk0@home.pl
722,delivered,3435.18,Shepherd Goldney,398-364-3523,sgoldneyk1@irs.gov
,rejected,3591.73,,970-529-5327,rtitheridgek2@moonfruit.com
724,rejected,6347.21,Marlene Kernar,484-329-7322,mkernark3@instagram.com
725,open,2202.57,Sid McFarlane,810-676-7553,smcfarlanek4@hibu.com
726,rejected,7463.96,Thornton Hercock,334-516-7109,thercockk5@wix.com
727,open,940.04,Nataniel Ancliffe,936-476-3875,nancliffek6@walmart.com
728,rejected,7211.51,Clarita Scuse,747-302-8882,cscusek7@sourceforge.net
729,open,3194.63,Seline Learmonth,180-609-0749,slearmonthk8@usatoday.com
730,open,5579.81,Umberto Tyhurst,781-724-0884,utyhurstk9@rakuten.co.jp
731,rejected,3720.81,Dud Fawlks,332-796-3046,dfawlkska@yahoo.com
732,open,2888.35,Darelle Polfer,968-493-9936,dpolferkb@blogspot.com
733,open,9663.65,Tiffani Brenard,110-118-7792,tbrenardkc@sogou.com
734,delivered,4883.57,Matias Clancey,569-854-9002,mclanceykd@wikipedia.org
735,rejected,3878.71,Franni Snashall,452-228-9517,fsnashallke@skype.com
736,rejected,4121.92,Kelwin Dallimare,615-658-9731,kdallimarekf@soup.io
737,open,795.98,Gunner Mozzini,966-741-4684,gmozzinikg@rambler.ru
,rejected,6739.64,,146-297-9643,agirardeaukh@freewebs.com
739,rejected,9579.61,Flin Hammer,213-726-5752,fhammerki@ocn.ne.jp
740,open,4563.68,Jourdain Rowes,347-385-7544,jroweskj@hhs.gov
741,rejected,6177.46,Frasier Scrymgeour,760-266-8428,fscrymgeourkk@bloglines.com
742,open,6739.83,Margot Beevors,752-184-7424,mbeevorskl@addtoany.com
743,rejected,5669.54,Ebony Prosh,510-597-5526,eproshkm@youtube.com
744,delivered,2354.83,Evangelia Snooks,595-809-5711,esnookskn@technorati.com
745,open,3542.84,Free Macauley,696-618-9462,fmacauleyko@redcross.org
,open,2309.68,,814-284-1244,nasplingkp@abc.net.au
747,delivered,503.97,Steward Bugby,221-546-2126,sbugbykq@people.com.cn
748,rejected,2070.86,Austen Rablen,960-940-4040,arablenkr@mysql.com
,open,4356.9,,414-814-2784,isheircliffeks@linkedin.com
750,delivered,3029.11,Grant Albro,867-154-2107,galbrokt@zimbio.com
751,delivered,6282.35,Maximilien McRobert,931-157-2616,mmcrobertku@huffingtonpost.com
752,delivered,2234.06,Phylys Lambrecht,822-698-0221,plambrechtkv@bandcamp.com
753,delivered,8504.73,Slade Yerson,639-940-8433,syersonkw@squarespace.com
754,rejected,7464.87,Gregg Schiersch,877-524-9686,gschierschkx@washingtonpost.com
755,open,1104.41,Kacey Joist,171-879-7259,kjoistky@ihg.com
756,rejected,4005.61,Mindy Thonason,378-347-3101,mthonasonkz@mediafire.com
757,delivered,8971.0,Melisse Speer,492-471-6462,mspeerl0@fastcompany.com
758,open,8565.15,Netta Raccio,915-221-3728,nracciol1@technorati.com
,open,6701.38,,550-284-5736,lcaddl2@nature.com
760,rejected,881.72,Fabian Benazet,679-601-4335,fbenazetl3@last.fm
761,rejected,317.8,Roxanne Prevett,138-632-6683,rprevettl4@techcrunch.com
762,rejected,3384.86,Dyan Kelle,781-101-4417,dkellel5@oracle.com
763,open,5647.91,Lorenza Tosney,918-561-8690,ltosneyl6@illinois.edu
764,open,2849.06,Dyan Gell,659-811-0087,dgelll7@dailymotion.com
765,open,5671.57,Lura Josiah,128-272-9823,ljosiahl8@umn.edu
,rejected,4025.84,,833-221-5384,rparkinsonl9@nature.com
767,rejected,4261.98,Nicolis D'Alwis,933-691-6421,ndalwisla@nydailynews.com
768,delivered,5072.48,Robinette Askham,767-461-1196,raskhamlb@imdb.com
769,open,5766.29,Adrian Yeowell,489-864-8862,ayeowelllc@so-net.ne.jp
770,open,6948.82,Basia Drepp,752-956-7568,bdreppld@studiopress.com
771,rejected,7137.7,Raine Bamlett,789-897-1282,rbamlettle@shareasale.com
,rejected,6291.69,,981-462-6733,bburrettlf@mtv.com
773,delivered,8540.47,Zelma Pagan,971-896-9066,zpaganlg@sbwire.com
774,rejected,5826.2,Leonidas Aymerich,796-253-3203,laymerichlh@shop-pro.jp
775,delivered,5738.11,Micheil Shakshaft,285-107-1189,mshakshaftli@instagram.com
776,delivered,3671.11,Ware Thomasen,881-480-5695,wthomasenlj@apache.org
777,delivered,2946.9,Antonio Cumming,617-978-2643,acumminglk@nymag.com
778,rejected,563.78,Ogden McWhirter,328-930-3940,omcwhirterll@howstuffworks.com
,rejected,2865.03,,720-472-1229,mhearleylm@adobe.com
780,delivered,2412.37,Land Sertin,916-403-1715,lsertinln@about.com
781,delivered,5100.71,Kyla Smale,485-967-4216,ksmalelo@themeforest.net
782,delivered,5375.27,Mildred Gaffer,395-835-8633,mgafferlp@cpanel.net
783,rejected,6740.29,Terza Egell,145-312-3214,tegelllq@naver.com
784,rejected,508.86,Eleonora Willishire,529-596-0981,ewillishirelr@techcrunch.com
785,open,6558.34,Tabb Allone,842-406-3782,tallonels@google.co.uk
786,rejected,8126.21,Gussy Kauschke,411-903-9201,gkauschkelt@sogou.com
787,open,2888.65,Filberte McTurley,621-773-6754,fmcturleylu@whitehouse.gov
788,open,4110.94,Cathrine Jendricke,907-999-9486,cjendrickelv@about.com
,delivered,8129.82,,537-992-3328,nscriverlw@rediff.com
,delivered,4846.15,,984-125-6795,pmowsleylx@wikia.com
791,delivered,8730.18,Kevan Hallgate,274-665-7961,khallgately@mapy.cz
,open,7912.35,,540-440-8444,kcackettlz@shinystat.com
793,delivered,6998.38,Wilmer Durak,987-456-0860,wdurakm0@unicef.org
794,rejected,2653.23,Bertram Klebes,784-150-8451,bklebesm1@goodreads.com
795,rejected,5662.06,Gaston Barok,434-598-4194,gbarokm2@weebly.com
796,delivered,8071.98,Annadiane Borrows,430-325-3797,aborrowsm3@youtube.com
797,rejected,6253.54,Livvy Lamperti,773-289-4281,llampertim4@skype.com
798,delivered,939.62,Ned Clemow,816-941-6090,nclemowm5@howstuffworks.com
799,open,6493.47,Kristen Joiner,189-254-1767,kjoinerm6@free.fr
800,rejected,765.3,Arlee Stone Fewings,924-933-5996,astonem7@theglobeandmail.com
801,open,2160.97,Alidia Kunneke,251-385-1889,akunnekem8@vimeo.com
,rejected,4510.37,,432-138-7201,djaulmesm9@geocities.com
803,open,391.47,Zechariah Avrahamian,908-393-9773,zavrahamianma@cnet.com
,delivered,4421.78,,175-619-6470,njosephovmb@omniture.com
,delivered,8403.87,,424-239-1428,gmariansmc@bandcamp.com
806,rejected,8288.44,Wolfgang Park,862-157-2737,wparkmd@mlb.com
,delivered,4615.94,,324-557-7143,hripleyme@blinklist.com
808,open,1447.2,Paulo Jakubovitch,165-436-1641,pjakubovitchmf@answers.com
809,delivered,6222.94,Shawn Clementucci,593-916-6042,sclementuccimg@de.vu
,delivered,9529.02,,192-330-9053,mcoupmanmh@reddit.com
811,open,4668.0,Luciano Trymme,417-963-4548,ltrymmemi@amazon.co.jp
812,rejected,6655.92,Mareah McGeaney,202-863-4739,mmcgeaneymj@shutterfly.com
813,delivered,6925.7,Antony Treadgall,466-379-3874,atreadgallmk@liveinternet.ru
,open,5340.09,,393-838-3043,cabrehartml@wisc.edu
815,delivered,6201.97,Ransom Rames,151-759-1527,rramesmm@webs.com
,rejected,8913.29,,814-591-6981,mflecknoemn@google.de
,delivered,5216.13,,305-916-9474,ijimesmo@vimeo.com
,open,3434.65,,289-938-4989,rmossmp@cafepress.com
819,open,3373.48,Niko Groarty,897-665-4634,ngroartymq@hostgator.com
,delivered,7926.41,,345-894-7767,mnutbeammr@plala.or.jp
821,delivered,7556.22,Gordan Giabuzzi,953-771-1920,ggiabuzzims@house.gov
822,rejected,4219.13,Kendre Stowell,776-137-7314,kstowellmt@accuweather.com
,open,6459.98,,427-806-2267,egenterymu@cmu.edu
824,rejected,458.26,Federica Leverage,991-713-3780,fleveragemv@wikispaces.com
,open,8403.21,,689-625-9680,mpetrellomw@yolasite.com
826,open,7144.32,Darlene Kempshall,387-164-0806,dkempshallmx@guardian.co.uk
827,rejected,3190.75,Nappie Ayre,239-796-4051,nayremy@slideshare.net
828,rejected,3995.5,Evelyn MacPaik,901-932-0641,emacpaikmz@wp.com
,rejected,1812.08,,983-558-0859,ndesvignesn0@exblog.jp
830,rejected,7543.26,Jane McCloughen,270-519-7378,jmccloughenn1@hexun.com
831,open,5011.65,Adela Gerrill,963-860-7250,agerrilln2@guardian.co.uk
832,open,5406.59,Annmarie Beedle,174-185-8350,abeedlen3@feedburner.com
,delivered,6049.86,,820-275-9878,tlidstonen4@narod.ru
834,rejected,7689.84,Pierrette Curee,406-696-3338,pcureen5@toplist.cz
835,open,8359.39,Oswell Abba,225-428-2952,oabban6@parallels.com
836,rejected,2872.66,Witty MacCourt,815-554-2312,wmaccourtn7@aol.com
837,delivered,6268.34,Jarid Swallow,312-871-8519,jswallown8@mayoclinic.com
838,open,1418.27,Gabby O' Mahony,134-714-5235,gon9@cdbaby.com
839,open,2356.82,Eirena Georgeon,894-679-5281,egeorgeonna@istockphoto.com
840,delivered,9477.3,Danya Aron,171-110-8931,daronnb@sciencedirect.com
841,delivered,5282.02,Stefania Anning,981-769-8384,sanningnc@is.gd
,open,7811.56,,134-503-9573,fnuschand@infoseek.co.jp
843,open,6786.59,Eloisa Dellenbroker,101-903-4155,edellenbrokerne@mediafire.com
844,open,4984.17,Johannah Callf,176-745-2750,jcallfnf@admin.ch
845,open,2403.27,Abner Bagenal,362-722-4188,abagenalng@sciencedaily.com
,rejected,3111.15,,454-543-7597,kyureninnh@tiny.cc
847,open,2344.91,Bernard Petford,372-329-6836,bpetfordni@elegantthemes.com
848,open,7592.56,Vanya Bristowe,915-449-5226,vbristowenj@artisteer.com
849,delivered,570.3,Zorina Mander,363-108-0700,zmandernk@reverbnation.com
850,open,4416.6,Lorain Goodricke,485-418-5232,lgoodrickenl@is.gd
851,delivered,5126.3,Melessa Hiner,912-694-4418,mhinernm@nhs.uk
852,delivered,9506.93,Suki Pevsner,955-494-9396,spevsnernn@army.mil
853,rejected,1453.65,Yoshi Verrills,371-142-5139,yverrillsno@washingtonpost.com
854,rejected,6191.83,Clerissa Lansdown,985-551-5938,clansdownnp@nyu.edu
855,delivered,8408.7,Sauveur Duer,117-324-8484,sduernq@huffingtonpost.com
856,delivered,4475.75,Jacynth Duffyn,230-393-5567,jduffynnr@apple.com
857,rejected,3560.57,Baldwin Calliss,825-995-6892,bcallissns@netscape.com
858,rejected,9647.65,Archie Kohneke,554-352-9707,akohnekent@addtoany.com
859,delivered,7415.96,Esra Jenken,352-433-2072,ejenkennu@techcrunch.com
860,delivered,3335.0,Jarvis Boyer,530-387-3183,jboyernv@usatoday.com
861,delivered,2384.06,Peg Tohill,949-566-2429,ptohillnw@cyberchimps.com
862,rejected,7459.95,Mildred Dimsdale,743-297-3012,mdimsdalenx@flickr.com
863,open,9055.68,Benedicta Bruffell,613-165-6752,bbruffellny@odnoklassniki.ru
864,open,3915.4,Mahmoud Willstrop,236-238-4513,mwillstropnz@4shared.com
865,rejected,7760.78,Brittan Dreng,561-688-8384,bdrengo0@latimes.com
866,rejected,9118.96,Gertie Sidwell,301-252-6586,gsidwello1@altervista.org
867,rejected,8414.32,Morie Bagshawe,655-425-2616,mbagshaweo2@networkadvertising.org
868,rejected,9145.19,Raul Cicco,785-750-0262,rciccoo3@vistaprint.com
869,delivered,7826.81,Chris Romke,318-134-4628,cromkeo4@altervista.org
,rejected,7438.92,,870-846-7764,amussettinio5@sun.com
871,open,9994.74,Guenevere Barthot,805-282-9185,gbarthoto6@friendfeed.com
872,open,7888.02,Sarine MacAdam,849-475-2260,smacadamo7@tuttocitta.it
873,delivered,5347.23,Carol-jean Reichhardt,241-365-9645,creichhardto8@craigslist.org
874,rejected,6302.8,Murielle Byas,996-315-0691,mbyaso9@devhub.com
875,rejected,9052.52,Giovanna Gossling,324-638-9455,ggosslingoa@cpanel.net
876,delivered,9973.37,Margeaux Gladwish,740-599-5441,mgladwishob@reverbnation.com
877,rejected,5516.91,Artur Mosedill,560-101-1455,amosedilloc@marriott.com
878,rejected,3396.53,Tandy Grogor,999-543-5590,tgrogorod@msu.edu
,delivered,8484.27,,384-207-2928,dbrehautoe@stumbleupon.com
880,rejected,6977.14,Melisa Goold,567-307-3741,mgooldof@pagesperso-orange.fr
881,rejected,8846.52,Barbara-anne Hairsine,784-396-3859,bhairsineog@hc360.com
882,rejected,5784.51,Josiah Faley,111-483-1855,jfaleyoh@friendfeed.com
883,open,2402.21,Sarena Falk,350-634-5807,sfalkoi@list-manage.com
884,open,3014.13,Scotty McIlhagga,984-295-9940,smcilhaggaoj@prlog.org
885,open,5056.35,Kellen MacVagh,717-963-9521,kmacvaghok@geocities.jp
,open,7683.04,,722-345-0397,akasbyeol@disqus.com
887,rejected,8635.05,Marijn Hodcroft,119-894-2358,mhodcroftom@instagram.com
888,delivered,6816.7,Janaye Scading,881-728-2946,jscadingon@umn.edu
,delivered,2555.67,,453-989-4077,mburnelloo@amazon.com
890,rejected,6873.95,Carlye Domel,547-602-4845,cdomelop@vistaprint.com
891,delivered,2527.36,Araldo Skettles,260-332-7524,askettlesoq@netlog.com
892,rejected,5195.2,Alard Chippindall,511-763-6648,achippindallor@ted.com
893,open,2939.77,Reinald Yole,212-427-1950,ryoleos@cnbc.com
894,open,6155.88,Ingrid Upton,832-850-2502,iuptonot@kickstarter.com
895,rejected,1839.49,Collin Borzone,613-156-4981,cborzoneou@japanpost.jp
896,rejected,9040.77,Marin Allport,836-287-0223,mallportov@goo.ne.jp
897,rejected,4054.11,Arabel David,360-754-1947,adavidow@un.org
,rejected,637.68,,447-898-5502,blinzeeox@xing.com
899,open,6311.27,Florinda Filippello,736-808-7260,ffilippellooy@cornell.edu
900,rejected,3456.51,Worth Charlesworth,711-760-9129,wcharlesworthoz@altervista.org
901,delivered,5505.89,Augustine Bowdidge,399-936-7448,abowdidgep0@yahoo.com
902,open,4544.12,Brittney Dallison,635-530-5191,bdallisonp1@irs.gov
903,rejected,7437.46,Jilly Ricciardi,293-192-1269,jricciardip2@cbsnews.com
904,rejected,7281.23,Meta Greville,711-180-9659,mgrevillep3@si.edu
905,delivered,9780.54,Gipsy Meikle,139-801-6050,gmeiklep4@answers.com
906,delivered,3148.01,Gay Mansuer,743-801-6294,gmansuerp5@seattletimes.com
907,delivered,4151.05,Maren Danielovitch,693-972-2645,mdanielovitchp6@jimdo.com
908,delivered,276.63,Lindon Stirrip,998-805-1529,lstirripp7@timesonline.co.uk
,rejected,7089.22,,169-676-2193,scluerp8@list-manage.com
910,rejected,3291.52,Cele Santoro,349-209-1495,csantorop9@accuweather.com
911,rejected,9028.85,Vanya Lempel,241-831-8668,vlempelpa@marketwatch.com
912,open,7736.38,Fancy Pennycuick,597-487-3208,fpennycuickpb@forbes.com
913,open,204.44,Lazaro Camocke,838-514-8332,lcamockepc@rediff.com
914,open,2414.61,Madeline Cryer,668-361-8351,mcryerpd@wsj.com
915,delivered,8011.33,Alexei Barrow,159-282-9907,abarrowpe@xing.com
916,rejected,8088.38,Lewes Gabitis,525-297-3313,lgabitispf@mail.ru
917,rejected,6300.51,Lezlie Trew,394-790-7349,ltrewpg@biglobe.ne.jp
918,open,3452.63,Yvon Waddington,290-926-2530,ywaddingtonph@bravesites.com
919,rejected,1843.7,Renaud Gething,599-346-8074,rgethingpi@sohu.com
920,open,615.6,Melba Steers,484-581-4465,msteerspj@jugem.jp
921,delivered,1409.43,Ely Astles,969-756-5117,eastlespk@zimbio.com
,rejected,8626.82,,766-406-3473,eroxburchpl@unesco.org
923,open,6140.18,Valli Maes,323-625-6353,vmaespm@ifeng.com
924,rejected,2333.47,Daloris Jullian,419-435-7088,djullianpn@printfriendly.com
925,rejected,825.23,Obediah Canepe,132-136-1422,ocanepepo@posterous.com
926,delivered,1255.16,Caitrin Lynch,901-775-4952,clynchpp@g.co
927,rejected,8248.27,Toinette Webben,771-616-1576,twebbenpq@studiopress.com
928,open,2945.62,Angela How to preserve,465-492-4142,ahowpr@bandcamp.com
929,rejected,660.88,Auberta Austick,566-750-7111,aaustickps@go.com
930,rejected,2058.77,Nettie Sirman,303-581-1670,nsirmanpt@lycos.com
931,rejected,311.56,Kristian Potkin,162-559-9142,kpotkinpu@google.com.br
932,open,731.01,Aliza Tumini,238-874-4201,atuminipv@ustream.tv
933,rejected,5062.48,Larina Stanbro,515-869-8291,lstanbropw@reference.com
934,open,6549.77,Thornie Shimoni,102-751-0130,tshimonipx@godaddy.com
935,delivered,2683.5,Nevin Layne,595-515-0440,nlaynepy@netscape.com
936,open,7564.32,Stanleigh Culpan,132-924-8077,sculpanpz@hao123.com
937,delivered,5299.68,Fayth Cestard,620-545-2664,fcestardq0@forbes.com
938,delivered,4145.32,Kirby Janowicz,582-960-2581,kjanowiczq1@amazon.co.uk
939,delivered,1867.24,Aldin Hogbourne,594-670-1661,ahogbourneq2@devhub.com
940,open,5338.16,Jakob Arnholz,665-217-8359,jarnholzq3@blogs.com
941,rejected,2567.11,Laverna Tink,851-955-9963,ltinkq4@1und1.de
942,rejected,2923.14,Layton Fowlie,881-237-9500,lfowlieq5@blogtalkradio.com
,open,773.57,,882-556-9883,llammasq6@webmd.com
944,delivered,4807.22,Koral Laffling,379-718-4561,klafflingq7@yolasite.com
945,open,8193.77,Neilla Sergent,976-846-1623,nsergentq8@nymag.com
946,open,9779.19,Claiborne Mallam,595-749-7712,cmallamq9@bloomberg.com
947,rejected,2811.11,Archy Durran,162-918-9025,adurranqa@uiuc.edu
948,open,9538.25,Kelsey Crocumbe,925-998-0474,kcrocumbeqb@sakura.ne.jp
949,rejected,9636.26,Rosemarie Drane,616-979-3905,rdraneqc@printfriendly.com
,open,6569.05,,214-439-0119,khubyqd@51.la
,delivered,7949.23,,422-870-4439,mlawleffqe@utexas.edu
952,delivered,4324.77,Darlene Theml,544-390-6520,dthemlqf@qq.com
953,rejected,877.37,Nickola Dobsons,699-267-6865,ndobsonsqg@abc.net.au
954,open,2867.61,Grace Copestick,304-669-8081,gcopestickqh@virginia.edu
,open,995.35,,482-424-2786,ppauliqi@elpais.com
,rejected,9510.21,,796-136-3324,mhatryqj@mapy.cz
957,rejected,9954.29,Amandi Laise,723-985-3059,alaiseqk@clickbank.net
958,rejected,7138.15,Manfred Dibbs,575-130-7034,mdibbsql@github.com
959,delivered,1599.15,Brand Rudgard,526-989-2079,brudgardqm@storify.com
960,delivered,4499.28,Gwenny Scadding,501-242-8622,gscaddingqn@ucla.edu
961,delivered,5684.93,Richy Rubinowitch,984-423-6444,rrubinowitchqo@indiatimes.com
962,open,735.05,Stella Goodisson,335-402-0048,sgoodissonqp@harvard.edu
963,delivered,3334.23,Towney Sidebotton,896-446-1149,tsidebottonqq@nba.com
964,delivered,3704.68,Jonell O'Lenane,687-873-9596,jolenaneqr@ustream.tv
965,open,1328.83,Ange Breeds,745-377-4261,abreedsqs@wikimedia.org
966,open,3183.0,Bartram Olivetti,671-373-5398,bolivettiqt@wisc.edu
967,open,1607.8,Julie De Pero,585-178-9617,jdequ@intel.com
968,delivered,4118.66,Zebulen Bartul,311-105-0578,zbartulqv@loc.gov
969,delivered,1048.5,Zeb Ort,374-744-0737,zortqw@hud.gov
970,delivered,2980.36,Andriette Keyson,944-609-3904,akeysonqx@time.com
971,open,6653.24,Carly Perassi,527-317-0005,cperassiqy@qq.com
972,delivered,6777.59,Brande Maynell,896-166-0878,bmaynellqz@cmu.edu
973,rejected,791.25,Micaela Stave,163-114-5454,mstaver0@163.com
974,open,6443.04,Bartlet Furmenger,565-610-6179,bfurmengerr1@slate.com
975,open,9680.04,Sarah Dermot,419-607-7320,sdermotr2@google.nl
976,open,6057.7,Garvy Merit,940-593-3096,gmeritr3@smugmug.com
977,open,4596.46,Myranda Tolliday,571-938-6812,mtollidayr4@squidoo.com
978,rejected,4057.71,Chaunce Capozzi,150-500-0180,ccapozzir5@ihg.com
979,delivered,3593.24,Francisca Clubb,120-931-9784,fclubbr6@foxnews.com
980,rejected,8101.96,Aristotle Ellacombe,539-969-4264,aellacomber7@patch.com
981,delivered,7397.76,Marmaduke O'Dea,469-825-1467,modear8@auda.org.au
982,open,946.58,Edita Piggen,913-508-9177,epiggenr9@wisc.edu
983,rejected,627.25,Daryl Siviter,694-699-7633,dsiviterra@tinyurl.com
984,rejected,7945.53,Tore Samsonsen,777-658-0084,tsamsonsenrb@skype.com
985,rejected,2522.87,Izaak Spink,503-228-5468,ispinkrc@jalbum.net
986,open,9358.02,Fifine Waghorn,231-737-5002,fwaghornrd@army.mil
987,delivered,1592.04,Twila Crathorne,639-465-3783,tcrathornere@wp.com
,rejected,9773.21,,238-558-8662,cholburyrf@google.nl
989,open,2135.58,Bil Pargetter,430-255-4936,bpargetterrg@smh.com.au
990,open,9079.81,Madison Bellchamber,815-211-1648,mbellchamberrh@soundcloud.com
,rejected,1736.43,,821-628-4313,mlulhamri@sina.com.cn
,delivered,9024.71,,717-150-4398,hweildrj@newsvine.com
993,rejected,6673.29,Avivah Cardall,673-229-6401,acardallrk@samsung.com
994,rejected,5024.32,Corissa Duester,912-617-1813,cduesterrl@oakley.com
995,open,9946.26,Wayne Ashment,523-526-5925,washmentrm@google.com.br
996,delivered,4865.66,Farris Farney,146-702-1683,ffarneyrn@oaic.gov.au
997,open,1606.48,Candida Ilchuk,297-123-4373,cilchukro@yahoo.com
,open,1041.28,,161-453-4623,gclimancerp@ehow.com
999,delivered,6788.68,Lula Ferrand,595-497-6454,lferrandrq@pbs.org
1000,delivered,9875.61,Aldous Brakewell,326-586-5703,abrakewellrr@eventbrite.com
